dt,Frick Chemistry TonHrs,Frick Chemistry Steam meter,Frick Chemistry KWH VM,Moffitt Lab Steam Meter,Moffitt Lab KWh,Neuro Science TonHrs,Neuro Science Steam Meter,Neuro Science KWH VM,Fine Hall TonHrs,Fine Hall Steam Meter,Fine Hall KWH VM,Jadwin Physics TonHrs VM,Jadwin Physics Steam VM,Jadwin physics KWH VM
2018/09/22 0:00,12585,,22365.5,,,,,,,,,8370.5,,
2018/09/23 0:00,6871.8,,21807.3,,,,1494.5,,,,,5534.5,20762.4,
2018/09/24 0:00,8515.3,40343.7,24451.3,8339.1,,7705.3,1472.3,,,19351.9,,6695,23072.4,
2018/09/25 0:00,19365.5,46028.5,25733.2,7789.6,,13009.6,1283.3,,,18978.5,,10060.3,24655.6,
2018/09/26 0:00,15870.86667,36214.3,26839.7,8365.7,,18401.3,766,,,19463.3,,14285.7,24881.7,
2018/09/27 0:00,12376.23333,40571.2,25606.4,7773.3,,8543,733,,,19427.9,,7388.7,23075.7,
2018/09/28 0:00,8881.6,46306.9,25239.3,7875.1,,8356.1,1258.6,,,19142.2,,7333.1,21298.9,
2018/09/29 0:00,8010.2,34885.6,23235.1,7537,2591.2,7177.7,1130.7,17273.8,,19417.6,,6848.6,23267.5,
2018/09/30 0:00,7223.8,34979.8,22563.1,7439.9,2611.1,6485.3,1194.5,16829.3,,19495.6,,6154.4,22804.8,
2018/10/01 0:00,14533.85,40683.55,24000.5,7552.7,2692.1,10464.75,1077.2,17379.45,,19349.15,,8878.7,23545.45,
2018/10/02 0:00,21843.9,46387.3,25437.9,7665.5,2773.1,14444.2,959.9,17929.6,2535.5,19202.7,,11603,24286.1,
2018/10/03 0:00,14716.5,44506.6,25491,7650.3,2751.3,11397.1,1087,17923.8,2138.5,19077.5,,9484.9,23211.4,
2018/10/04 0:00,18916.8,47983.4,25038.9,7929.7,2769.4,12456.2,1385.5,17746.6,2279.6,19176.5,4750.9,10158.3,22584.1,16276
2018/10/05 0:00,8857.1,30110.4,24522.1,7896.4,2720.5,8167.3,685.1,17544.8,1498.9,19249.5,4874.2,7366.1,23454,16247.9
2018/10/06 0:00,13292,43046.4,23338.9,7474.9,2620.7,11210.7,1476.3,16873.9,1348.5,19628.9,4261.6,8185.2,21619.9,15474
2018/10/07 0:00,23543.9,39131.9,23404.4,7449.9,2650.2,16337.4,1255.8,16960.6,1876.8,19674.2,3997.1,11974.3,24065.4,15062.5
2018/10/08 0:00,20221.7,50739.3,24350.6,8060.7,2800.3,14152.6,1120.6,17808.5,2280,19411,4774.5,11367.1,24506.2,17469.2
2018/10/09 0:00,25789.5,48868.9,25227,8159.3,2803.3,16129.4,1396.6,17876.6,2551.3,19626.1,4908.8,13400.5,25282,18918
2018/10/10 0:00,8943,46547.9,25975.4,8013.1,2808.7,16518.9,1031.6,17473.9,2544.1,19604.5,4703.3,13476.6,24159.7,18057.5
2018/10/11 0:00,8402.32,46558.8,25844.3,7730.7,2761.2,17407.9,907.9,17400.7,2806.6,19637.7,4755.8,13345.3,23745.8,16501.1
2018/10/12 0:00,7861.64,60439.2,24216.1,6946.8,2720.2,6097.4,6101.2,16965.3,1130.5,17319.1,4669.2,5245.2,20109.7,16547
2018/10/13 0:00,7320.96,76181.3,22998.3,6930.5,2602.6,3211.2,8126.6,16076.1,666,18983.7,4052.6,3700.3,30711.7,15667.3
2018/10/14 0:00,6780.28,77352.5,22804.4,6952.5,2596,2863.4,16957.5,15990.9,652.2,18862.6,4073,4291.8,31243,15738.3
2018/10/15 0:00,6239.6,53560.5,25252.8,7724,2717.2,7289.6,2858.2,16971.8,1143.3,18765.1,4793.3,7690.2,26119.7,17002.5
2018/10/16 0:00,5208.8,100414.8,25113.1,8222.8,2730.8,3630,26211.9,16986.6,736,18573.6,4860.1,4302.9,31169.2,15735.8
2018/10/17 0:00,5736.1,103729,25662.4,7798.6,2741.9,3861.3,30104.7,16966.6,812.5,18897.1,4734,4808.4,33555.9,17285.3
2018/10/18 0:00,3691.5,136294.1,25734.4,7653,2761,3357.3,45303.7,17068,835.2,22107.5,4878.6,4576,42194.4,18265.8
2018/10/19 0:00,4804.1,112566.6,25860.8,7658,2769.8,3642.7,32076.5,16777.9,784.6,20898.8,4713.1,4394.2,34001.2,17301.2
2018/10/20 0:00,5592.6,52910.3,23572.6,7131.1,2654.4,3745.3,2671.8,16230,629.2,18894.4,3947.4,4255.2,23574.8,14764.2
2018/10/21 0:00,3990.7,118562.5,23558.6,6755.4,2632.9,2923.8,36135.6,16250.1,551,21845.1,4078,2844.2,40953.2,15498.5
2018/10/22 0:00,3766.5,131777.2,25570.3,7438.7,2773.5,3121.5,41527.4,16936.6,787.1,22625.1,4997.9,3252.6,40044.4,17005
2018/10/23 0:00,5184.6,96107.9,24798.4,7519.7,2711,3956.6,25244.9,16735.8,877.9,18864,5043.7,4715,30050,16394.9
2018/10/24 0:00,5017.448387,114001.1,24695.4,8008.6,2714.4,2937.8,38848.6,17001.9,857.9,20670.7,5121.5,4020.7,35120.2,16230
2018/10/25 0:00,4850.296774,140761.8,25366.4,7431.8,2751.3,3340.9,42114.9,17125.4,841.3,22924,5218.3,3769.8,39420.4,16566.7
2018/10/26 0:00,4683.145161,128390.5,25044.4,8102.3,2788.2,3088.1,35576.3,17149.5,736.6,22160.8,4940.4,3741.6,40157.2,18666.9
2018/10/27 0:00,4515.993548,88724.3,23284.9,7233.5,2600.1,2672,14777.5,16240.3,534.3,19764.6,4097.4,3962.2,35466.4,18487.1
2018/10/28 0:00,4348.841935,81234,22803.3,7195.7,2629.6,2571.6,21919.5,16201.8,547.6,19193.5,4150.4,4193.3,33619.5,18111.5
2018/10/29 0:00,,90082,25241.3,7784.8,2713.5,3109.7,16415.3,16695.4,782.7,20105.5,4770.1,3816.7,31112.8,16677.1
2018/10/30 0:00,,126074.3,25532.1,7909.4,2776.2,3215.1,40151.9,16813,794.7,22309.3,4713.3,4185.1,36315.7,17023
2018/10/31 0:00,,91526.5,25504.8,8053.9,2774.5,4623.1,21203.9,16737.4,825.3,20814,4653.2,4799.7,31724.5,16913.8
2018/11/01 0:00,,66763.05,25184.35,7932.3,2773.9,8580.65,11324.65,16946.7,1258.2,20011.45,4603.8,7922.3,27882.3,16604.85
2018/11/02 0:00,,41999.6,24863.9,7810.7,2773.3,12538.2,1445.4,17156,1691.1,19208.9,4554.4,11044.9,24040.1,16295.9
2018/11/03 0:00,,77986.6,23115.7,7135.2,2676.4,4465.1,16161.4,16177.1,651.8,18374.2,4198.3,4916.9,26465.1,14860.5
2018/11/04 0:00,,120903.3,24829,7559.4,2740.4,3365.2,38615.1,16791.2,575.8,19825.9,4354,3851.3,38579.3,16653.2
2018/11/05 0:00,,80059.4,24191.6,7969.1,2755.9,2766.6,9367.6,16873,824.6,17721.7,5021.6,3989.7,29412.4,15717.2
2018/11/06 0:00,,68178.1,24600.2,7782.6,2783.6,4401.1,3397.6,16908.2,893.7,18350.8,5136.1,4956,24807.9,15511.8
2018/11/07 0:00,,83290.4,24359.4,7840.4,2779.4,4140.3,19282.3,17006.8,869,18064.5,5083.4,4251.7,26430.5,15195.5
2018/11/08 0:00,,121009.6,24423.2,8074.7,2767,3365.2,39071.1,17224.4,855.5,20333.4,5051.7,3815.1,35637.5,15264.6
2018/11/09 0:00,,111472.4,25195.1,7933.1,2829,3421.3,25650.9,17249.5,748,21405.6,5010,3322.9,33546.9,15571.6
2018/11/10 0:00,,131314.9,23740.5,7182,2746.4,2753.5,53065.2,16540.6,510.1,23957.2,4377.4,3408.7,44376.8,15573.5
2018/11/11 0:00,,148898.2,24050.4,7382.1,2819.3,3014.6,73098.2,16547.2,477,26213.6,4368.8,3298.3,46510.6,15620.3
2018/11/12 0:00,,144287.3,25822.2,7796.4,2854.6,2830.3,58708.3,17459,699.8,25097.8,5107.1,3406.3,45108.4,16862.2
2018/11/13 0:00,,106110.5,25190.9,7923.9,2750.4,2425.9,34445.9,17405.6,729.6,22329.7,5062.4,3226.3,39571.8,16470.3
2018/11/14 0:00,,176865.4,26312.4,7936.4,2846.4,3533.9,105329.5,17252.6,672.8,26078.1,5102,3289.5,46124.5,15459.3
2018/11/15 0:00,,83392.5,26634.5,8285.8,2913.9,2807.9,118612.1,17307.2,591.9,29006.1,5236.8,3426.2,50959.7,15821.6
2018/11/16 0:00,,83932.62,26837.1,8001.4,2821.7,3329,63707.6,17113.5,611.5,26626,5334.7,3711.5,45815.7,16690.9
2018/11/17 0:00,,84472.74,25193.3,7515.8,2692,2843.9,52165.6,16552.5,524.8,25037.9,4716.1,4006.4,41750.9,16735
2018/11/18 0:00,,85012.86,24493.1,7407.2,2774.7,2911.3,83054.1,16652.4,516.7,25638.7,4754.1,3443.2,45532.3,15526.3
2018/11/19 0:00,,85552.98,26312.5,8425.5,2845.7,2973.5,45796.9,17429.1,736.5,24123.9,5456.4,3462.6,43609.6,17010.5
2018/11/20 0:00,,86093.1,24111.6,7882.4,2703.3,2551.1,42233.3,17100.6,759.4,24026,5378.3,3687.2,41222.4,16515.3
2018/11/21 0:00,,171806,24597.8,7702.9,2775.8,2940.2,94244.7,16922.3,699,26631.6,5211.7,3489.8,47043.5,14902.6
2018/11/22 0:00,,264955.1,25224.5,7611.3,2742.5,1992.5,193369.8,16387.9,605.8,33282.9,5178.3,3662.8,61268,14075.5
2018/11/23 0:00,2.9,229440.3,24637.2,7824.7,2739.3,2165.4,176423.2,16168,569,33173.4,5007.4,3435.1,64611.3,13758.3
2018/11/24 0:00,15.70520833,162121.5,23989.8,7571.7,2660.3,2272.7,81917.8,16311.4,487,26025.8,4634.6,3241.7,49144,14414.7
2018/11/25 0:00,28.51041667,110579.5,23092.9,7568.2,2549.1,2904.5,28675.9,16345.2,572.3,19823.1,4526.8,3426.2,37442.5,13412.8
2018/11/26 0:00,41.315625,113739.3,25034,8238.8,2697,3113.4,21253.1,17550.5,787.3,20619.4,5449.4,3373.5,36288.2,14676.1
2018/11/27 0:00,54.12083333,157341.7,25710.5,8052.6,2816.5,3180.6,45431.5,17600.2,735.7,25846.1,5631.8,3281.7,45611.2,14732.4
2018/11/28 0:00,66.92604167,174208.3,26004.4,8243.4,2855.3,3244.8,53932.7,17602.3,710.8,27383,5580.6,3538.1,47736.6,14633.3
2018/11/29 0:00,,159639.7,25885.8,8047.5,2837.9,3201.3,42892.2,17563.3,766.8,26063.4,5512.6,3668.9,45092.6,15019
2018/11/30 0:00,,152866.5,25882.7,8189.6,2904.1,3306.6,42633.8,17637.7,749.3,25813,5453.9,3615.6,45305.8,15382.7
2018/12/01 0:00,,110216.95,25018.5,7930.15,2751.15,3308.35,26312.65,17178.6,583.45,22005.1,4957.15,3487.15,36908.95,13831.35
2018/12/02 0:00,,67567.4,24154.3,7670.7,2598.2,3310.1,9991.5,16719.5,417.6,18197.2,4460.4,3358.7,28512.1,12280
2018/12/03 0:00,,94401.4,25208.2,8218.2,2743.6,3151,27197,17641.4,651.7,18997.7,5425.6,3612.5,29784.9,13905.5
2018/12/04 0:00,,177079.3,26145.6,7697.5,2846.7,3292,47590.9,17634,444.2,25121.9,5592.4,4099.7,47718.6,15940.8
2018/12/05 0:00,,223837,27513.4,8330,2936.4,2676.7,54705.8,17904.9,369,28206.8,5743.7,4020.9,54640.6,15142.9
2018/12/06 0:00,,187398.2,26197.9,8435,2925.9,2909.5,48430.6,18012,369.8,27104.4,5764.9,3779.5,52414.3,14181.6
2018/12/07 0:00,,189054.8,26127.4,8662.2,2902.8,3128.6,49129.4,17939.8,398.5,27066.4,5628.1,3709.4,52146.1,13442.4
2018/12/08 0:00,,207202,24237.1,8001.6,2785,2448.4,79991.6,16787.6,212.1,27254.1,5252.9,3485.8,56062,14107.2
2018/12/09 0:00,,204119.5,24623.9,7784.6,2766,2454.9,82688.5,16868.5,205.5,27500.3,5046.2,3474.2,57710.2,13908.3
2018/12/10 0:00,,204924.9,27190,8617.7,2908.9,2912,110978.6,17888.6,317,27894.2,5908.6,3971.7,56241.9,16299.5
2018/12/11 0:00,,207222.9,25987.8,8385.2,2895.9,2672.1,95123.9,17766.6,333.1,27184.3,5784.8,4253.7,53437.6,16739.8
2018/12/12 0:00,,186541.3,24643.6,8623.4,2903.7,2510.5,76977.4,17873.6,349,25435.8,5687.7,4365.5,50174.1,17662.3
2018/12/13 0:00,,157626.7,24491.3,8319.1,2851.4,2213.4,44007.6,17675,348.3,24572.5,5649.4,3882.4,47631.7,16511.3
2018/12/14 0:00,,106353.7,24282.6,8171.5,2809.3,2273.2,22942.1,17478.1,427.3,20741.5,5387.7,3093.3,37285,15954.8
2018/12/15 0:00,,83684.5,22989.6,7233.3,2624.4,2098.4,9696.3,16433.4,262,16962.3,4626.9,3009,32067.9,15253.6
2018/12/16 0:00,,129405.2,23679.3,7328.6,2695.9,2273.7,37453.1,16341,181.5,24087.5,4640.7,3004.7,45507.4,15158.6
2018/12/17 0:00,,130618.6,25661.5,8122.8,2751.6,2213.3,45951.6,17189.5,368,23998.4,5116.5,3242.2,44871.2,15447.8
2018/12/18 0:00,,164908.4,25235.4,8377.4,2941.8,2292.8,83415.5,17156.1,310,27075.7,5149.4,2857.1,50821,17458.4
2018/12/19 0:00,,185718.6,25429.3,8082.5,2938.2,2457.7,59406.4,16798.1,308.2,26534.1,5156.9,2515.7,53284.8,16100
2018/12/20 0:00,,146391.2,25086.4,8328.9,2851.8,2262.9,37279.8,16850.9,347.9,24262.8,5067.6,2263.3,46810,15748.9
2018/12/21 0:00,,47420,24900.5,7984,2636.1,6646.1,1302,17224.2,842.2,17595.7,4776.6,4350.3,19403.5,14292.1
2018/12/22 0:00,,106930.5,22976.8,7393.9,2518.2,2208.8,32185,16338.1,222.8,21974.8,4433.5,3443,39031.7,15908.8
2018/12/23 0:00,,135738.7,22063.5,7448.5,2642.5,2580.5,41897.5,16197.5,215.8,23999.6,4447.7,3305.4,45304.2,13956.5
2018/12/24 0:00,,135295.8,22662.4,7539.6,2656.2,2444.5,44306.9,16219.8,337.4,24392.7,4757.6,3302,47590.2,14204.4
2018/12/25 0:00,,166750,22366.6,7960.3,2709.6,2325.1,64371.1,16210.7,303.3,26167.6,4795.8,2960.9,52084.7,13655.3
2018/12/26 0:00,,160211.2,22819.8,8606,2764.6,2380,80592.7,16561.2,318.4,25064.7,4919.1,3226.9,50732.3,14343.7
2018/12/27 0:00,,148915,23093.6,8320.8,2768.6,2528.8,51356.7,16527.1,341.2,23912.3,4895,3044.6,44737,15280.8
2018/12/28 0:00,,70500.8,23211.4,8261,2664,3609.5,13185,16369,535.1,18755.1,4704.7,4478.5,28266,15347.4
2018/12/29 0:00,,93497.5,21921.3,7541.5,2525.6,2356.7,30035.3,16039.2,294.9,19972.4,4296.4,2720.8,33515.6,13845
2018/12/30 0:00,,142311.5,22087.4,7654.5,2635.8,2393.1,41925.3,15991.4,192.5,24382.8,4459.8,2855.1,45451.1,14038.5
2018/12/31 0:00,,136555,22815.3,7564.2,2645.2,2040.8,34634.3,16197.6,333.4,23817.5,4744.4,2828.5,46270.9,14370.8
2019/01/01 0:00,,143133.85,23210,7904.3,2711.55,2252.65,39584.95,16557.55,340.9,24045.9,4844.1,2887.1,45789.25,15356.1
2019/01/02 0:00,,149712.7,23604.7,8244.4,2777.9,2464.5,44535.6,16917.5,348.4,24274.3,4943.8,2945.7,45307.6,16341.4
2019/01/03 0:00,,141054.3,24049.9,8263.1,2804.7,2247.4,41499,17134,358.9,24263.2,5133,2600.9,45252.8,15254.7
2019/01/04 0:00,,146070.8,24519.5,8760.7,2787.2,1620.9,36206.8,16954.8,332.8,24164.7,5052,2683.9,46640.1,14653.1
2019/01/05 0:00,,103212.7,23530,7932.4,2632,1478.3,21464.5,16316.6,210.6,21034.8,4547.3,2631.1,40207.7,14103.9
2019/01/06 0:00,,122288.6,23096.7,7589.9,2625.4,1800.6,40360.6,16336.9,222.2,23004.5,4614,2944.3,43550.9,14614.5
2019/01/07 0:00,,186555.8,25192.1,8852.1,2884.7,1865.8,49736.3,17091.1,248.2,27876.6,5271,3289.7,54379,15518.4
2019/01/08 0:00,,143339.6,25177.5,8155.5,2791.2,1764,36595.4,17517.8,160.8,23944.9,5285,3316,43752.9,16012.4
2019/01/09 0:00,,139841.7,25003.5,8619,2815.6,1873,40491.3,17097.2,140.1,23451.9,5251.6,3628.4,43604.3,14662.1
2019/01/10 0:00,,184760.3,25391.8,8283.1,2896.1,1626.1,86184.1,16953.1,105,28012.8,5250.1,4123.7,52259.4,18257.5
2019/01/11 0:00,,219745.9,25495.6,8835.5,2910.3,1990.1,136673.6,16495,77.4,30587.8,5373.2,3727.9,57996.2,17269.2
2019/01/12 0:00,,204095.8,22303.4,8484,2772,2385.6,164208.2,16108.5,70.6,28785.3,4851.9,3427.6,56125.6,17213.3
2019/01/13 0:00,,193248.6,22584.6,8619.9,2739.6,2403.8,139120.5,16150,72.7,28773.3,4762.3,3251.4,57244.7,16592.5
2019/01/14 0:00,,211098.6,25167.1,8998.9,2860.7,2357.1,131431.9,17017.3,57.7,30075.7,5377.6,3495.3,59051.2,18541.4
2019/01/15 0:00,,213344.5,24950.4,8945.6,2888.6,2372.7,102980.3,16744.3,67.2,28457.9,5403.6,3298.9,56472.6,18888.8
2019/01/16 0:00,,204999.3,25517.3,8704,2869.4,2916.6,103883.4,17236.8,57.5,27378,5429.6,3333.5,54478.3,18951
2019/01/17 0:00,,226301.2,25276.5,8886,2894.9,2703.4,135083.6,17380.2,76.8,28379,5522.9,2358,59148.2,18744.5
2019/01/18 0:00,,186124,24722.5,8279.4,2863.9,2532.7,47040.3,17421.7,102.8,25998,5623.9,2846.2,53480.2,16456.5
2019/01/19 0:00,,177138.5,22984.5,7442.5,2739.2,2617.4,44548.1,16509,101.1,25146.1,4807.1,2129.9,51282,14349.4
2019/01/20 0:00,,191007.5,22771.4,7840.8,2669.3,2829.9,69622.5,15713.3,81.9,28091.7,5083,1222.7,56098.9,14539.2
2019/01/21 0:00,,335406.2,23815.1,7687.8,2805.2,5891.6,264547.2,16189,56.65,40194.6,5895.1,1929.1,83048.7,15405.8
2019/01/22 0:00,,286576.3,24595.1,8613.8,2932.4,4860.3,195835.4,17316.6,31.4,34546.7,5909.9,2379.7,71397.6,17415.6
2019/01/23 0:00,,184759,25245.4,8186,2883.9,3486.8,49560.3,17494.7,121.6,25912.3,5646,2255,52147.1,19146.9
2019/01/24 0:00,,85166.5,24520,8456.3,2790.2,5168.5,18542.2,16860.1,186.4,19432.1,5188.7,3068,33450.3,17768.6
2019/01/25 0:00,,196343.5,25776.7,8519.6,2943.6,3320.8,42743.1,17036.5,109.9,26455.6,5477.9,2754.3,52447.2,17983.5
2019/01/26 0:00,,224558,24411.3,7322,2793.4,2907.7,56951.6,16201.6,76.2,27389.1,4857.5,2688.1,56618.5,15118.2
2019/01/27 0:00,,175533.5,23790.3,7201.6,2711.2,3738.9,42490.2,16273.3,105.4,24349.5,4942.2,1959.6,51541.1,14750.9
2019/01/28 0:00,,235022,25607.7,8788.2,2953.5,2959.2,49395.8,17110.5,86.4,28833,5655.7,2086.2,57595.9,16023.5
2019/01/29 0:00,,202161.5,25381.7,8999.2,2948.2,3094.9,94299.2,17188,79,27288.8,5425,3242.6,50455.9,17106.4
2019/01/30 0:00,,271198,25006,9412,2977.7,2822.9,157461,16870.4,40.6,33658.2,5579.3,3442.6,66506.5,18767.2
2019/01/31 0:00,,314768,24690.9,8915.6,2942.9,2493.7,217979.5,15610,0.3,38213.7,5688.4,2834.9,83609.4,17035.7
2019/02/01 0:00,,284433.6,23945.8,8517.1,2892.85,2599.2,183221.9,15619.05,14.5,35132.95,5457.7,2829.95,75539.15,16198.6
2019/02/02 0:00,,254099.2,23200.7,8118.6,2842.8,2704.7,148464.3,15628.1,28.7,32052.2,5227,2825,67468.9,15361.5
2019/02/03 0:00,,157374,22300.4,7778.8,2684.6,3199.4,91754,16027.9,79.7,24697.8,5150.8,2116.3,53132.6,14992.3
2019/02/04 0:00,,144354.7,24031.5,8848.3,2857.7,3427.8,39991.7,17169,142,21960.6,5780.5,2463.9,42850,16020
2019/02/05 0:00,,111562,24489.7,8349.9,2799.7,3495.5,23397.3,17376.2,197.2,19743.8,5467.6,3106.1,32587.1,17607.9
2019/02/06 0:00,,142455.6,24691.9,8499.1,2838.1,2346.4,36573.9,16948,158,21447.1,5567.4,3014,41679.8,18165.6
2019/02/07 0:00,,125285,24168.7,8399.1,2840.4,2040.6,23592.8,16728.8,154.3,21356.3,5559.4,2888.2,40448.9,18332.9
2019/02/08 0:00,,142972,24373.6,8684.6,2826.5,2442.6,33749.3,16724.5,151.4,21501,5647.3,2715.7,42737.9,17097.2
2019/02/09 0:00,,232626.2,22849.9,8266.9,2821.8,2833,143425.4,15589,95.6,28528.9,5320,2824.3,56365.5,15615.7
2019/02/10 0:00,,232500,22817.6,7993,2801,2810.4,131395.6,15731.8,80.5,27348.2,5291,2236.4,56553.3,15353.2
2019/02/11 0:00,,204427.4,23959.1,7903.5,2906.6,2672,131045.3,16633.4,94.4,25911.7,5897.5,2115.6,53321.8,16192
2019/02/12 0:00,,205923.4,24626.6,8402.7,2937.1,2255.8,117182.5,16452.7,87.9,26968.5,5584.6,3090.6,52557.9,18378.7
2019/02/13 0:00,,168239,25247.7,8195,2939.1,2275.5,46863.5,17110.3,93,25427.6,5686.1,3566.7,50553.6,19403.6
2019/02/14 0:00,,167026,25458,8395.7,2906.5,2439.9,49200.3,17069.2,125.5,24168.2,5689.5,3340.2,48462.2,18751.2
2019/02/15 0:00,,115691.3,24577.3,8365.1,2735,2988.1,26335.8,16774.3,199.2,18867.5,5483.5,2736.9,34377.2,16040.3
2019/02/16 0:00,,156011.5,23711.5,7601.4,2697.4,2585.4,44136.3,16153.6,148.7,23655.8,5143,2373.1,46553.6,15913.1
2019/02/17 0:00,,195129.8,23563.8,7562,2746.9,2585.7,92275.5,16027.1,119.1,25658,5304.8,2353.6,52540.6,15331.4
2019/02/18 0:00,,176055.7,25585.5,8039.6,2880.5,2319.5,42298.7,17061,129.5,24975,5935.8,2131.1,48583.4,16124.1
2019/02/19 0:00,,220909.3,25575.6,8538.8,2938.5,2701.8,118869.8,17100.3,111.8,27747.2,5865.5,3316.6,54433.4,18251.4
2019/02/20 0:00,,206487.4,25007.7,8084.4,2910.8,2598.9,102393.6,16740.3,102,27745.9,5774.6,3810,54907.4,19677.3
2019/02/21 0:00,,143441,25078,8497.3,2838.4,2763.6,40590.1,16916.2,155.4,22593.1,5678.7,3603.5,44410.5,17694.3
2019/02/22 0:00,,150919.3,24315.2,8347.1,2837.5,2423.6,41472.2,16902.9,200.5,23293.7,5671.9,2917.5,43450.5,15812.6
2019/02/23 0:00,,161788.7,22946.9,8097,2724.9,2167.6,40078.7,16318.1,133,24802.3,5176.7,2768.7,47402.5,14593.9
2019/02/24 0:00,,124622.8,22579.2,8269,2684.6,1768.4,24021.4,16013.7,152.4,21325.4,5196.8,1537.6,42939.9,15005.7
2019/02/25 0:00,,192224.5,24825.1,9087.3,2904.9,2476,95116.2,16764.8,137.8,25914.8,6067.3,2564.3,50788.1,17832.1
2019/02/26 0:00,,217143.5,25493.6,9237.3,2987.1,1918.2,133668.5,16780.6,74.3,27261.6,5988.3,2471.8,53149,18918.4
2019/02/27 0:00,1232.2,232767,25128.5,8843.8,3012.8,2933.8,156197.6,16938.5,47.1,28097.2,5958.5,3171.5,55790.4,17445.7
2019/02/28 0:00,2109,205569,25489.6,8704.5,3026.9,2999.6,94615.6,16999.1,47.7,26235.6,5848.9,3118.6,51770,17052.2
2019/03/01 0:00,2000.95,188343.8,24639.35,8310.35,2894,2667.85,73496.7,16597.25,45.5,25684.9,5547.25,2823,50360.3,16059.65
2019/03/02 0:00,1892.9,171118.6,23789.1,7916.2,2761.1,2336.1,52377.8,16195.4,43.3,25134.2,5245.6,2527.4,48950.6,15067.1
2019/03/03 0:00,1891.3,161939.4,23390.6,8013,2740,2271.6,42642.3,16191.3,112.1,24874.2,5569.4,1702.4,49207.5,15066.6
2019/03/04 0:00,2391.3,187476.5,25134.7,8481.6,2963.5,2412.2,73626.1,16873.5,52,25901,6025.7,1557.1,51689.9,15605.1
2019/03/05 0:00,3024.9,239126.8,25454.7,9266.7,3004.9,2878.6,182928.8,16879.8,26,28794.2,6027.4,2849.4,57633.3,17344.2
2019/03/06 0:00,3541,265766.6,25843.8,8859.6,3059.7,2780,206711.8,16758.1,7,31231.1,5971.5,3368.2,60703.9,17984.5
2019/03/07 0:00,3020.4,243046.5,25882,8693.5,3048.3,2934.9,195398,16897.6,32.3,30254.7,6089.4,3371.9,58037.2,18711.2
2019/03/08 0:00,2777.6,202233.8,24646.3,8425.8,2990.1,2758.3,131655.9,17031.7,83.3,27306.5,5848.8,3434.8,52527.1,18173.1
2019/03/09 0:00,2718.1,157494.3,21004.1,7665.7,2782.2,2430.7,81851,16100.5,135.5,23446.4,5111.7,3391.4,46646.7,17050.5
2019/03/10 0:00,2364.5,121434.9,21734.1,7299.2,2648.8,1646.6,26968.9,15423.9,125,22222.4,5055,1063,43415.2,14513
2019/03/11 0:00,3847.7,129961.5,24505.4,8356.6,2851,2387.6,37720.4,16907.7,177.4,17269.1,5884.8,2113.3,41232.6,16720.7
2019/03/12 0:00,2642.9,159241.7,25214.3,8546.1,2953.8,2655.2,49883.1,16969.5,169.3,24954.2,5632.3,3569,45363.8,17851.6
2019/03/13 0:00,3221.4,156861.6,24746.3,8703.8,2924.7,2816.2,51217.7,17167,167.8,22524.6,5632.7,3606.6,43940.8,18333.8
2019/03/14 0:00,5404.3,102719,24339.7,8719.2,2800.1,3670.2,23436.4,17109.1,268.8,18872.8,5474.3,3382.7,26271.5,17984.3
2019/03/15 0:00,8618.7,45076.7,24022.3,8661.2,2802.6,6627.2,568.6,17351.4,390.6,19343.9,5236.2,4868.4,13577.8,18177.8
2019/03/16 0:00,3896.8,132360.3,23075.5,8006.1,2664.3,2921.2,36112.2,16021.6,186.7,18254.9,4754.1,3584.3,37107.7,16444.6
2019/03/17 0:00,3968.6,167052,23176.3,7868.3,2834.2,2600.4,49770.2,16034,144,23839.5,5088.1,3239.7,48427.6,14815.8
2019/03/18 0:00,4130.8,180543.7,25831,8752.2,2953.6,2866.1,67212.9,17022.3,145.5,23932.9,5509.5,3589.3,44714.1,15718.5
2019/03/19 0:00,3901.9,159036.7,25458,8743.3,2890.8,2690.3,74261.4,16963.6,149.1,22593.2,5233.3,4073.7,43108.7,17366.6
2019/03/20 0:00,3856.2,145771.6,25102.3,8277.8,2886.8,2372.8,47873.2,16695.2,164.5,20184,5215,4129.7,39636,18158
2019/03/21 0:00,3889.3,115182,25443.7,8743.2,2851.2,2214.1,14950.8,16720.2,149.2,16694,4847.2,3174.1,36460.2,17731.6
2019/03/22 0:00,3661.5,127870.7,25473.1,7949.6,2830.9,2200.4,12582.7,16663,130.5,19803.6,4634.9,2950.2,40010.3,16067.4
2019/03/23 0:00,3498.7,155767.7,24079.8,7782.2,2724.2,2385.5,11990.40476,16052.4,147,23124.8,4259.1,3093.8,43488.1,14788.9
2019/03/24 0:00,4289,138247,22922,7806.4,2718.6,3131.3,11398.10952,15900.5,220.9,20008.9,4458.8,2090.2,36669.2,14245.4
2019/03/25 0:00,3561.7,124559.6,24808.7,8904.7,2771.5,2675.4,10805.81429,16781.5,248.7,18439.8,5048.6,1858.6,37885.7,15967.3
2019/03/26 0:00,4005.6,181984.2,25328.7,8659.9,2942.3,2904.4,10213.51905,16823.4,204.4,23993.8,5074.2,3320,38566.8,17747.2
2019/03/27 0:00,4128.1,190223,26156.3,8556,2915.7,2935.7,9621.22381,16912.4,176.3,23623.3,5200.7,3563.7,37000.5,17458.4
2019/03/28 0:00,4278.6,153714,25197.8,8892.8,2945.5,3146.6,,16746.7,209.5,20511.7,5090.9,3413.8,35374.8,17330.4
2019/03/29 0:00,4801.9,95924.5,24775.6,8529.8,2748.9,2922.9,,16675.1,268.8,17704.8,5140.4,2201,25920.2,15702.9
2019/03/30 0:00,6811.2,67212,23279.6,7755,2599.4,4877.5,,15880.3,362.6,18526.5,4304.8,3059.9,18020.2,14808
2019/03/31 0:00,4503.4,87719.5,22625.2,7736.1,2614.3,3019.6,,16080.8,282.3,18603.7,4512.6,2025.8,24231.6,15338.2
2019/04/01 0:00,3996.9,118832.85,24295.95,7980.9,2779.5,2881.8,,16515.85,225,20056.65,4810.8,2634.5,29426.35,16732.25
2019/04/02 0:00,3490.4,149946.2,25966.7,8225.7,2944.7,2744,,16950.9,167.7,21509.6,5109,3243.2,34621.1,18126.3
2019/04/03 0:00,5089.2,128086.6,25144.6,8482.3,2868,3590.8,,16726.1,268.2,18250.8,5059.6,3665.1,28629.3,18700.9
2019/04/04 0:00,4393.8,133624.8,24586.3,8328,2829,3305.6,,16744.9,258.1,18259.6,4966.1,3622.2,27371.1,17447.8
2019/04/05 0:00,3628,153547.5,25433.5,8605.8,2894.4,2170.7,,16639.9,167.8,22130.3,5104.4,1983.3,33979.1,16790.4
2019/04/06 0:00,4793,93802.9,24396.8,7670.6,2748.8,3167.1,,15784.7,223.2,18791.3,4364.2,2428.1,25261.5,14582.1
2019/04/07 0:00,5815.9,76839,23847.6,7783.6,2696,4125.9,,15670,332.9,18054.2,5377.2,2037.5,21361.2,15276.7
2019/04/08 0:00,8671.4,42833.9,25369.9,8335.8,2798.7,5448,,17378.2,834.8,18450.2,7047.7,5269.9,15857.6,17735.7
2019/04/09 0:00,4258.5,62453.7,24124.9,8108.2,2834.7,3324.4,,17072.6,732.3,17898.9,6532.5,4826.4,16077,18740.9
2019/04/10 0:00,4629.2,110396.2,24209.2,8215.7,2801.1,3308.7,,16566,704.6,18148.9,5080.8,4720.1,22722.5,18022.9
2019/04/11 0:00,3791.4,142900.5,24925.5,8207.2,2811.9,2916.6,,16527.4,885.1,22003.8,5565,4089,28995.5,17392.6
2019/04/12 0:00,6883.4,75661.4,24109,8048.1,2776,5213.2,144.5,16718.8,1441,18497.4,5550.6,5967,25145.2,15950.6
2019/04/13 0:00,10327.7,48673.6,23184.3,7733.4,2609.8,7996.5,204.4,15990.4,1189.5,19409.8,4091.2,8338.9,20240.7,14975.2
2019/04/14 0:00,12508.6,53198.4,23164.6,7604.1,2586.5,9448.7,229.6,15955.6,1341.3,19318.5,4354.9,9341.7,21901.3,14542.4
2019/04/15 0:00,7024.5,87085.6,24823.3,8073.5,2750.2,5334.5,17908.3,16784.1,1046.4,18105.2,5108.7,6143.3,25560.4,15577
2019/04/16 0:00,5034.6,132196.3,24085.6,8058.9,2767.4,3645.4,44038.8,16805.7,766.7,17970.7,4841.4,4745.2,29758.8,15502.7
2019/04/17 0:00,4349.4,109078.7,24057.4,7940.2,2841.6,3687.4,29882.3,16470.3,758.5,16282.4,4866.4,4631.9,28025.3,15838.6
2019/04/18 0:00,8212.9,60455,24910.9,8151.3,2826.5,5841.2,6104.9,16569.8,1368.1,17282.7,4883.9,7294.2,24148.8,16201.7
2019/04/19 0:00,14440.2,49722.5,24354.6,8105.7,2800.8,10380.2,424.6,16687.6,1786.4,18495.5,4653.4,10681.7,23150.6,15771.5
2019/04/20 0:00,11610.9,55291.4,22692.5,7726.3,2710.6,9001.3,293.8,15934.2,1185.2,18633.2,3937,8398.1,21218.6,14514.4
2019/04/21 0:00,6095,52024.6,22306.6,7709.6,2691.4,4122.6,463.5,15769.6,641.9,18347.5,4137.7,5782.7,23816,14919.4
2019/04/22 0:00,5956,62866.3,23846.4,8485,2804.2,4035.6,689.4,16713.5,808.1,18372.2,4909.9,6087.3,23233.2,15980.6
2019/04/23 0:00,8994,56362.1,24439.2,8056.7,2792.9,6189,810.1,16851.4,1279.9,18289.4,4690.5,7628.6,24418.6,16190
2019/04/24 0:00,8546.7,66271.5,24497.8,7692,2761.9,5925.4,5765,17131.9,1125.9,18484.8,4619.5,7254.8,22880.6,15491
2019/04/25 0:00,5402.7,65763.2,24761.3,7155.2,2749.4,3871,8617.9,16940.8,871.1,17558,4684,5831,23234.7,15807.2
2019/04/26 0:00,6208.7,58914.6,24570.9,7811.5,2737.2,4496.6,925.3,17443.6,1002.1,18017.9,4720.9,5961.5,23179.3,15020.2
2019/04/27 0:00,5439.4,87981.7,23290.2,7237.2,2624.3,3913,30147.6,16139.8,600.9,17864.1,4252.4,5060.3,27490.8,14363.3
2019/04/28 0:00,4005.4,84028,23307.1,7189.8,2605.1,3297.3,8819.1,16083.7,528.8,18370.7,4341.9,4339.6,28802.4,13999.2
2019/04/29 0:00,4528.4,109924,24454.4,7969.1,2783.3,3156,31849.2,16939.7,757.6,18307.3,5064,4561.8,31581.5,15199.8
2019/04/30 0:00,5484.8,62005.3,24351.9,8105,2779.8,3977,1786.5,17469.1,901.2,17798.3,4836.3,5686.6,25562.5,16315.8
2019/05/01 0:00,6880.85,58783,24294.9,8128.3,2795.7,3918.256,1323.85,17253.6,1154.2,17854.25,4768.4,5537.918182,26160.3,15917.55
2019/05/02 0:00,8276.9,55560.7,24237.9,8151.6,2811.6,3859.512,861.2,17038.1,1407.2,17910.2,4700.5,5389.236364,26758.1,15519.3
2019/05/03 0:00,4075,65773.5,23756.6,7845.4,2776,3800.768,1947.5,16918.4,742.2,17765.8,4737.8,5240.554545,24436.2,15837.5
2019/05/04 0:00,7793.7,47277.2,23061.4,7771.3,2693,3742.024,597,16224.6,926.8,18759.4,4070.5,5091.872727,23378.1,13666.8
2019/05/05 0:00,4584.1,63476.5,22484.1,7703.1,2700,3683.28,404.4,16257.5,632.9,17614.7,4333.3,4943.190909,25755.5,14015.3
2019/05/06 0:00,6523,56032.6,24152.3,8374.3,2783.2,,1298.3,17127.5,965.5,18065.4,4903.8,,27433.6,15801.4
2019/05/07 0:00,8591.2,51604.8,23975.9,8324,2810.6,,822,16884.1,1118.6,18017.1,4698.4,,24988.2,14585.8
2019/05/08 0:00,7627.1,55905.2,23966.1,7901.9,2767.9,,433.1,16947.5,1129.5,18551.7,4706,,22692.1,15708.1
2019/05/09 0:00,4584.2,65486.6,23544,7900.7,2757,,1387.1,17056.7,695.4,18422.4,4653.1,,23943.5,15350.8
2019/05/10 0:00,13909.6,53098.2,24517.3,7976.9,2780.8,,485.9,17263.8,1555.7,18816.3,4587,,25119.7,14902.5
2019/05/11 0:00,7917.7,59697.6,22837.9,7441.3,2663.2,,573.4,16603.2,752.1,19185.4,3926.5,,21197.5,14491.9
2019/05/12 0:00,3991.9,83856.2,21967.1,7349.4,2644.1,,1324.6,16481.8,488.3,18554.1,4278.5,,27776.6,14719.6
2019/05/13 0:00,4378.7,104926.7,24038.8,7745.5,2753.1,,7638.1,17025,619.3,19835.6,4924.4,,33373.6,16131.1
2019/05/14 0:00,4360.5,92401.1,24329.2,8142.7,2756.3,,5476.9,17072.2,653.9,18329.6,4734.4,,31139.7,15674.6
2019/05/15 0:00,6790.2,82915.2,24309.1,7839.3,2738.2,,11738.5,17099.4,849.8,18210.8,4750.8,,32269.4,15873.9
2019/05/16 0:00,8130.2,65320.2,24390.2,7820.2,2743.7,,1305.2,17030.5,1079.5,18579.5,4659.3,,26648.7,14765.2
2019/05/17 0:00,11594.6,48759,23841.8,7918.6,2744.5,,304.2,17645,1610.3,18973.4,4852.3,,25731.4,15002.8
2019/05/18 0:00,8282.4,51489.4,20136.4,7826.5,2611.8,,531.7,17003.2,988.9,19134.5,4205.2,,24282.5,12345.2
2019/05/19 0:00,15008.1,43464.9,20019.7,7823.6,2669.1,,272.5,16976.8,1958.4,19218.2,4297.9,,22064.3,11698.1
2019/05/20 0:00,18650.4,42007.7,23130.3,8584.4,2765,,301.3,17908.7,3041.8,19281.4,4920.3,,20421.8,13725.8
2019/05/21 0:00,8115.5,75899.2,23429.7,8439,2727,,6548.5,17696.5,1469,18974.6,4733.5,,21370.1,14964.9
2019/05/22 0:00,8374.3,77592.1,24139.5,8262.8,2748.2,,8919.1,17351.7,1480.6,18804.6,4876.2,,25941.9,15588.2
2019/05/23 0:00,11468.3,47957.7,24445.6,8090.4,2727,,479.8,17447.4,1579.9,19154.1,4399.7,,21056.1,15653.8
2019/05/24 0:00,11104.3,35818.4,23841.5,8529.1,2736.2,,292.8,17378.4,1958.5,19127.8,4589.4,,22508.5,15802.3
2019/05/25 0:00,7796,40558.8,22555.7,7932.1,2651.8,2508.4,274.7,16569.5,1209.6,19190.4,3782.7,,20599.6,14638
2019/05/26 0:00,16339.9,36254.4,23075.7,7971.5,2599.9,11621,150.6,16563.4,2050.2,19168.5,4074.8,,22550,14309.1
2019/05/27 0:00,11186.6,34371.9,23962.5,7765.2,2627.4,8861.4,149.6,16666.5,2163.4,19075.7,4445.8,,23773.4,14477.6
2019/05/28 0:00,16140,45210.1,25169.4,8491.3,2802.6,11066.8,352.3,17366.1,2207,19139.6,4346.5,,20591.6,15139.2
2019/05/29 0:00,15981.2,39998.8,25073.9,8845.2,2839.5,12074.3,297.9,17261.4,2552.4,18983.8,4336.2,,23195.6,15324.8
2019/05/30 0:00,16272,45451.4,25207.1,8398.2,2837.1,11391,533.9,17203.5,2620.1,18891.1,4833.9,,22568.9,14220
2019/05/31 0:00,14467.6,37021.2,24229.5,8543.9,2792.7,10884.2,407.2,17131.4,2818.4,19093.4,5089.6,,26401.6,14119
2019/06/01 0:00,14144.9,32623.05,23613.45,8348.95,2733.25,10821.65,263.65,16805.9,2698.85,19103.9,4775.6,,25552.05,14474.05
2019/06/02 0:00,13822.2,28224.9,22997.4,8154,2673.8,10759.1,120.1,16480.4,2579.3,19114.4,4461.6,780.1,24702.5,14829.1
2019/06/03 0:00,8004.8,68255,24151.4,8525.2,2750.6,5365.5,4179.9,17126.3,1446.2,18672.6,4845.1,528.2,24895.5,15189.4
2019/06/04 0:00,7859.3,64975.8,24234,8737.1,2757.2,5461.9,5899.1,16862,1400,18410.6,4833.6,480.1,29114,14483.5
2019/06/05 0:00,16824.1,39597.6,25441.2,8702.4,2841.3,11272,241.3,17867.3,2408.7,19211.7,4352.1,820.6,22082.3,14666.6
2019/06/06 0:00,20374.8,36822.6,25333.4,8693.5,2841.6,14694.2,150.5,18159,2958.6,19381.8,4286,931.3,21792.2,15328
2019/06/07 0:00,13665.2,35809.6,24627.4,9049.9,2843.2,10682.2,210.4,18159.6,1961.4,19246.4,3992,8133.6,21436.2,15932.6
2019/06/08 0:00,10810.6,32362,24316.3,8081.9,2660.6,9113.5,145,17188.8,1326.3,19474.3,3297.1,9119.9,20385.6,14513.6
2019/06/09 0:00,8092.8,34040,23888.3,7901.4,2650.5,6384.9,199.3,16994,1083.9,19264.9,3552,7930.8,22742.5,14687
2019/06/10 0:00,15845,35473.9,25580.8,8621.9,2807.2,11515.9,303,18137.8,1764.7,18924.1,4106.4,11055.8,21544.6,15588.1
2019/06/11 0:00,13071.7,31466.6,26047.4,8544.9,2774.2,10356.3,598,18098,1557.4,19256.3,3760.9,9964.8,23104.9,14902.5
2019/06/12 0:00,8698.3,38967.7,25917.1,8484.6,2802.9,6398.4,557.2,17435.9,1405.5,19265.3,3910.5,7609.9,22868.3,15813.4
2019/06/13 0:00,8007.1,33180.6,15993.8,8632.9,2796.8,6765.7,448,17317,1232.5,19161.2,3967.5,7889.2,20295.6,15652.6
2019/06/14 0:00,8247.6,40805.8,24452,8260,2776.2,6057.1,306.1,17438.3,1187.7,19038.5,3939.8,7287.6,23595.4,15833.8
2019/06/15 0:00,10063.4,30389.7,23904.6,7876.5,2637.2,7091,249.9,16375.7,1432.5,19201.2,3643.5,8429.1,23430,15075.2
2019/06/16 0:00,17357.4,24278,23818.1,8034.2,2637.2,12712.9,89.5,16405.4,1980.6,19314.5,3978.5,12400.7,24378.7,14786
2019/06/17 0:00,20335.8,27708.5,26288.5,8420.6,2800.8,15198.1,266.7,17642,2496.4,19507.8,4297.7,14335,24248.4,16669.5
2019/06/18 0:00,22572.2,31252.6,26094,7841,2789.5,16240.2,326.5,17478.1,2591.2,19477.2,4161.9,15206.7,23019.8,17144.1
2019/06/19 0:00,21233.5,39911.6,24733.1,8053,2831.8,14706.5,326.5,16942,2427.5,19328.8,4127.7,14049.5,22081.9,17446.9
2019/06/20 0:00,24954.4,35232.4,25286.4,7924.4,2813.8,17253.7,172.5,17306.9,2527.4,19409.6,4142.7,15028.4,22003.7,17299.3
2019/06/21 0:00,15683.3,33687.6,24761.9,8503.9,2784.2,12014.2,265.3,17088.7,2187.2,19391.1,4067.3,11819.7,22160.6,16869.4
2019/06/22 0:00,9722.4,21824.6,23474.1,8169.7,2686.7,7834,183.2,16400.4,1414.1,19549.5,3723.2,8829.2,20557.6,16456.5
2019/06/23 0:00,10130.4,20703.8,23339.6,8040.7,2676.5,8150.5,184.9,16330.8,1473,19530.4,3875,9843.9,22833.2,16848
2019/06/24 0:00,14746.6,25640.6,24967.5,8537.6,2783.1,10967,121.6,17271.8,2122.4,19428.1,4331,11348.8,21662.2,15558.5
2019/06/25 0:00,24327.3,34543.2,25626.8,8424,2820.7,17099.4,120.7,17121.4,2718.4,19422.2,4158.6,15314.4,20474.8,15709.9
2019/06/26 0:00,17871.2,26883.9,26041.8,8149.6,2849.8,13600.6,204.3,17596.8,2544.7,19322.8,4228.5,12904,20607,15244.2
2019/06/27 0:00,18607.2,24536.8,25342.7,7929.8,2821.7,14410.7,178.4,17771.3,2699.5,19661.8,4206.6,13647.1,20787.5,14728.7
2019/06/28 0:00,20315.1,28763.4,25003.8,8053.9,2792.5,15390.1,149.5,17719,2885.5,19393.4,4239,14376.2,19647.3,14831.7
2019/06/29 0:00,24208.2,25400.3,23801,7430.9,2695.6,17877.1,54.4,17040.6,2506.5,19487.3,3764.6,14972.1,18656.9,14130.2
2019/06/30 0:00,15952,22048.4,23192.7,7626.5,2678.4,12951.1,153.7,17033.8,2046.7,19452.3,3885.5,12280.3,21807.8,14797.6
2019/07/01 0:00,18647.6,26875.8,23754,7760.85,2760.05,13993.15,209.15,17308.5,2357.9,19509.3,4031.9,13140.9,20663.4,15391.6
2019/07/02 0:00,21343.2,31703.2,24315.3,7895.2,2841.7,15035.2,264.6,17583.2,2669.1,19566.3,4178.3,14001.5,19519,15985.6
2019/07/03 0:00,26175.1,31113.8,24733.2,7894.9,2817.1,18481.3,270.1,17297.5,2995.4,19579.4,4120.3,16007,18537.6,14914.1
2019/07/04 0:00,23166.2,26222,23397.2,7447,2715.1,17597.8,150.5,16745.5,2981,19472.2,3963,15321,19176.8,14970.1
2019/07/05 0:00,27884.6,21749.1,25106,7886,2790.3,19998.2,121,17111.5,3162.7,19585,4068.8,16366.7,18278.8,14542.8
2019/07/06 0:00,28875.7,24520,23105.2,7295.1,2717,20766,113.3,16575.3,2539.3,19776.3,3668.1,16195.6,17637,14578.3
2019/07/07 0:00,22578.6,22406.5,23486.1,7380.3,2720.7,17635.6,145,16513,2357.1,19654,3920.8,14436,20140.2,14644.7
2019/07/08 0:00,17850.3,24641.7,25597,8499.3,2817.1,14411.8,148.3,17126.6,2555.6,19683.9,4092.9,12546.1,20437.8,15437.1
2019/07/09 0:00,19406.2,24640.6,25171.4,8521,2834.5,14897.8,179.8,17260.2,2700.9,19501.1,4195.3,12527,20393.5,15299.7
2019/07/10 0:00,24176.2,27820.3,25411.2,8504.2,2843.7,17205,138.6,17290.3,2982.6,19590.6,4224,14464.1,20577.1,16210.2
2019/07/11 0:00,23995.7,23727.9,25041.7,8379.9,2891.3,16944.7,142.3,16958.4,2917.7,19680.4,4179.9,14348.4,20770.8,15646
2019/07/12 0:00,22631.2,24556.7,24961.9,8659.6,2872.4,16796.6,61.1,16937.9,2936.5,19591.5,4260.7,14150.1,20936.4,16229.9
2019/07/13 0:00,18424.4,22395,23212.6,8028.7,2697.9,14473.7,59.4,16296,2188.9,19575.4,3592.1,12259.9,19976.1,15160.4
2019/07/14 0:00,18691.1,18764,22781.7,8139.9,2685.1,15198.2,118.9,16137.3,2303.9,19640.4,3649.2,12736.4,19368.5,14787
2019/07/15 0:00,14922.9,17845.2,25297.2,8773.2,2846,11741.8,232.9,17190.6,2562,19595.6,4150.6,11475,19843.8,16812.6
2019/07/16 0:00,21124.9,16009.6,25178,8779.7,2874.8,15877,180.9,17181,2892,19519.5,4396.8,14192.5,18122.4,18183.1
2019/07/17 0:00,29271.1,16411,24460.6,8635.1,2888.7,21398.9,117.9,17791.4,3279.1,19675,4529.1,18409.6,15424.2,18892.7
2019/07/18 0:00,29814.9,52430.5,25032.9,8534.7,2851.5,21070.8,180.7,18031.2,2970.8,19515,4396.3,17258.9,16216.4,16798.5
2019/07/19 0:00,29467.5,42723.7,24392.6,8992.8,2823.5,21516.5,144.3,17645.7,3476.6,19609.4,4337.3,16825.9,17529,14079.7
2019/07/20 0:00,29535.2,29207.4,23327.9,8503.5,2684.2,22628.4,120.7,16619.2,3263.8,19536.6,3990.9,17545.3,17492.1,12929.3
2019/07/21 0:00,28460.7,17018.2,23767.5,8478.6,2697.7,23764,23.2,17085.7,3213.2,19597.9,4002.1,18012.8,15542.7,15021.4
2019/07/22 0:00,28109.2,39328.5,25775.8,8725.4,2799.2,20118,112.5,17708.4,3526.8,19464.1,4358.4,17479.8,17019.1,17440.6
2019/07/23 0:00,18652.3,31832.5,23431.4,8573.9,2821.9,14675.6,30,17752.9,2836.2,19531.1,4343.2,13878.5,18333.5,18770.9
2019/07/24 0:00,15566.2,24010.3,24001.1,8668.7,2797.2,12614.6,167.7,17116.6,2730.9,19516.5,4247.7,12630.8,20283.4,18931.5
2019/07/25 0:00,14333.4,21028.9,23874.9,8513.1,2799.8,11786.7,205.8,16906.7,2625,19499.2,4293.2,11845.6,20443,18088.9
2019/07/26 0:00,15187.2,22541,23714.8,8693.1,2774.5,12642.8,108.3,16855.2,2757.6,19510,4370.2,12161.3,20553.6,15552
2019/07/27 0:00,17322.9,21154.3,22763.6,8323.8,2649.6,14018.6,120.9,16076.7,2457.4,19652.4,4062.3,12493.7,19932.4,14730.7
2019/07/28 0:00,19596.3,20948.6,22385.4,8354.6,2665.7,15965.8,89,16134.5,2483.4,19586.3,4008.4,13809.6,19508.2,14846.6
2019/07/29 0:00,22624.8,14584.1,24561.4,8783.1,2816,18230.9,233.7,17037.1,3264.7,19559.1,4643.2,16290,19694.5,16422.3
2019/07/30 0:00,24492,12450.7,24759,8032.8,2831.4,19380.8,84.7,16918,3370.6,19735.7,4636.8,16912.2,19613.1,16057.1
2019/07/31 0:00,21447,21543.8,24166.2,8069.8,2830.1,16889.7,233,17404.6,3125.2,19653.2,4568.4,15350.7,19776,17133.9
2019/08/01 0:00,19643.75,21516.65,23867.7,7981.35,2810.55,15983.1,203.2,17306.5,2960.9,19656.55,4551.85,14510.85,20564.4,16712.95
2019/08/02 0:00,17840.5,21489.5,23569.2,7892.9,2791,15076.5,173.4,17208.4,2796.6,19659.9,4535.3,13671,21352.8,16292
2019/08/03 0:00,20717.7,20518.6,22985.6,7578.7,2655.8,16641.8,120.8,16375.5,2433.5,19710.1,3935.3,14019.3,19567.2,15352.5
2019/08/04 0:00,17927.3,15256,22735.6,7741.3,2660.9,15131.9,209.5,16183,2393,19584.3,3991.1,13220.1,19969.5,14416.2
2019/08/05 0:00,17759.7,25098.7,24271.8,8050.5,2766.5,14502.9,530.1,17449.5,2804.6,19703.6,4580,13219.4,20116.8,15858.6
2019/08/06 0:00,22880.2,24182.5,24922.2,7931,2814.2,17737.7,414.2,17548.5,2975.5,19652.8,4571.3,14899,18627.3,15533.2
2019/08/07 0:00,18661.5,30796.5,23751.2,7809.9,2797.3,17519.2,256.1,18057.5,2940.3,19617,4572.6,14631.1,18944.6,16257.1
2019/08/08 0:00,18016.2,29002.1,23687.6,7905.6,2816.5,16087.4,417.5,18118.8,2865.3,19569.8,4588.9,13617.6,19652.1,15953.2
2019/08/09 0:00,17370.9,21652.2,23302.5,7828.4,2781.1,12961.7,286.9,18033,2588.5,19524.2,4647.1,11802.9,19905.2,15985.6
2019/08/10 0:00,16725.6,19312.3,21966.4,7359.6,2626.9,8775.8,114.3,16998.3,1814,19653.2,3961.6,8710.3,19379,13659.9
2019/08/11 0:00,16080.3,16079.4,21043.4,7335.7,2628.2,7979.2,241.9,16891.6,1665.1,19702.8,4001.9,8170.9,19621.1,13812
2019/08/12 0:00,15435,12220.5,23867.6,7720.4,2784.8,10862.9,259,17964.9,2333.4,19810.4,4525.3,10690.8,19122.1,15762.4
2019/08/13 0:00,,27231.4,23396.5,7589.1,2806,17029.3,672.2,17957.1,2689.8,19588.7,4453.7,14225.2,18548.8,15820.9
2019/08/14 0:00,,30843.6,23622.4,7827.4,2819.9,18095.4,815.4,17658.2,2583.4,19561.7,4355.9,15103.1,18333,16368.9
2019/08/15 0:00,,27344.2,23547.8,7820.8,2811.4,15275.1,456.6,17624.1,2353.9,19531,4349.1,13887.5,18227.3,17524.8
2019/08/16 0:00,,25737.8,23058.4,8005,2800.8,16463.4,443.5,17555.7,2517.9,19658.3,4338.2,14490.4,17879.7,17565.4
2019/08/17 0:00,,21102.8,22350.7,7227.8,2697.6,18747.4,149.9,16204.4,2134.6,19800.4,3847.9,15760.9,17155.9,17392.6
2019/08/18 0:00,,18883.2,21610.5,7245.3,2687.2,19303.7,385.1,16161.5,2286.1,19784.4,3913.4,16012,17120,16211.4
2019/08/19 0:00,,11578.8,24735.4,7626.6,2802.7,19639.6,238.3,17476.5,2975,19735.5,4461,16002.2,17487.2,15782.2
2019/08/20 0:00,,20645.1,24172.4,7679.3,2772.5,18195.2,381,17568.7,2907.6,19396,4482.1,15286.4,18001.7,15645.9
2019/08/21 0:00,,17852.3,23920.5,7740.2,2775,19998.9,121.1,17559.8,3078.1,19698.8,4476.3,16546.4,17549.3,15958.5
2019/08/22 0:00,,17838.8,24396.7,7646.3,2775.8,18573.6,326.5,17343.4,2851.8,19535.5,4420.7,15349.1,16270,16049.6
2019/08/23 0:00,,23361.2,22386,7764.9,2732.6,11398.6,363,17332.4,2170.9,19474.8,4507.2,11179.1,18335.4,16521.9
2019/08/24 0:00,,19594.9,22484.1,6674.8,2568.3,6809.2,297.4,16008.7,1296.4,18361.5,4004.6,7262.6,18777.6,15346.7
2019/08/25 0:00,,15182.6,21319.8,7005,2570.3,7757.4,243.6,15956.3,1550.6,19409.8,4021.7,8495.7,20185.3,14903.6
2019/08/26 0:00,,20710.3,23418,7658,2694.6,6680.7,215.1,17247.7,1483.9,19181.9,4547.5,7810.9,20769.8,15652.6
2019/08/27 0:00,,24677.2,23285.1,1995.8,2624.4,8674.5,683.3,17299.5,1595.7,19132.6,4515,8655.6,20411.1,16233.3
2019/08/28 0:00,,18136,24224.4,1995.8,2703.4,14120.8,598.3,18050.2,2291.4,19175.7,4545.4,11638.4,19911,15884.1
2019/08/29 0:00,4464.9,19995.3,24177.6,1995.8,2737.8,9843.7,446.4,18307.9,1907.5,19365.7,4496.7,9691.1,20063.5,16046.8
2019/08/30 0:00,12679,17288.3,23538.4,1995.8,2718.2,10912.9,111.7,18120.9,2080.5,19472.4,4493.9,10678,19390.3,16419.3
2019/08/31 0:00,10242.6,9867.7,21454.3,1995.8,2617.9,9982.4,233.2,17071.6,1782.6,19776.6,4020,9373.6,19641.5,15158.6
2019/09/01 0:00,14107,17141.35,21971.15,1995.8,2629.15,12218.6,394.35,17349.4,2076.15,19569.3,4164.55,10921.7,19476.25,15202.15
2019/09/02 0:00,17971.4,24415,22488,,2640.4,14454.8,555.5,17627.2,2369.7,19362,4309.1,12469.8,19311,15245.7
2019/09/03 0:00,13375.2,24685,22049.5,,2738.8,11717.1,516.7,18101.9,1896.1,19465.3,4375.1,11039.8,19771.8,16169.2
2019/09/04 0:00,20797.6,29111.7,22994.7,,2772.5,15766.9,270.5,17369.8,2672.9,19659.9,4657.7,13780.6,18769.2,15766.5
2019/09/05 0:00,10177.4,25264,22866.3,,2765.2,8225.4,168.9,17093.7,1956,19562.8,4875.2,9070.2,19073.2,15589.9
2019/09/06 0:00,8613.2,38336,22672.2,,2718.4,7202.2,441.3,16989.6,1490.6,19253.2,4625.3,7813.2,19156.5,15904.9
2019/09/07 0:00,7846.9,28321,21855.1,,2598.9,5711.1,332.8,15486.9,1206.2,19642.9,4170.5,6688.5,21118.8,14849.3
2019/09/08 0:00,9714.6,23941.3,21227.9,,2607.6,7826.8,214.9,15746.5,1395.9,19676.1,4209.1,7910.6,20600.4,14540.6
2019/09/09 0:00,13211,22240.4,23607.7,,2747.2,10859.4,147.8,17470.3,2040.8,19682.5,4842,10406.7,20221.5,16013
2019/09/10 0:00,16086.3,30500.5,23646.7,,2733.4,12626.1,342.5,17175.6,2329.5,19569,4688.4,11665,20638.9,16183.5
2019/09/11 0:00,21463.8,26165,23385.7,,2788.1,16364.4,474.1,17261.1,2810.2,19628.6,4925.3,14314.1,19438.3,16784.6
2019/09/12 0:00,21115,25471.7,23619.6,,2761.1,16439.2,326.8,17263.7,2828.8,19575.7,4905.8,14275.9,19332.3,16319.8
2019/09/13 0:00,7149.1,26676.1,22054.3,,2687.4,6308.6,319.1,16985.1,1483.7,19232.8,4698.9,7174.1,19827.2,16058.2
2019/09/14 0:00,11858.4,19439.9,21171.6,,2615.2,9458.3,231.3,15524.5,1617,19690.5,4141.5,8806.3,20167.7,14776.2
2019/09/15 0:00,12473.9,14195.3,21040.8,,2606,10918,263.6,15731.6,1812.9,19806.2,4173.6,9938.7,20740.9,14432.4
2019/09/16 0:00,14342.7,29774.8,24145.3,,2742.5,11293.8,243.1,17485.9,2200.6,19594.6,4827.3,10739.6,20029.6,15957.4
2019/09/17 0:00,9636.3,31189.4,22503.3,,2740.6,8110.9,1189.8,17294.6,1726,19542.1,4744,8059.4,21589.9,15670.9
2019/09/18 0:00,6782.5,35452.9,23106.2,,2767.2,5390.8,865,17561.3,1371.9,19346.3,4790.5,6445.9,21338.3,16175.4
2019/09/19 0:00,5211.6,35629.7,23272.3,,2752.7,4895.4,4462,17333.9,1074,19213.7,4561.6,6064,25709.6,16141.8
2019/09/20 0:00,6812.9,29143.2,23139.8,,2698,5855.9,1412.3,17554.5,1436.8,19092.7,4549,7327.8,26192.1,16722.2
2019/09/21 0:00,8007.9,17331.6,21762.3,,2597.7,7144.8,480.8,16211.4,1466.8,19719.6,3996.8,8603.1,21889.4,17210.9
2019/09/22 0:00,13014.6,12776.2,21511.8,,2609.1,11407.4,340.2,16225.8,1889.9,19694.5,4039.3,12078.4,18453.6,18293.4
2019/09/23 0:00,18879.2,26652.8,23795.3,,2767.9,14705.7,174.2,18147.7,2732.8,19602.3,4789.4,14855.6,18139.8,19606.5
2019/09/24 0:00,10756.9,25118.8,24012.1,,2781.6,8742.1,173,17991.3,1997.8,19656.2,4826.8,10545,18560.8,20444
2019/09/25 0:00,8616,34429.9,24599.3,,2733.5,6436.3,387.9,17389.3,1731.2,19333.8,4788.3,8899.8,21441.2,19885.4
2019/09/26 0:00,12204.8,34287.4,24989.3,,2790.2,9210.6,360.5,17346.3,1682.6,18999.2,4670.7,10290.4,20071,17626.8
2019/09/27 0:00,8540.3,37170.3,24307.8,,2723.7,7036.3,420.4,17323.5,1634,19071.6,4606.6,8308,22276.4,16638.7
2019/09/28 0:00,14008.9,18570.2,21912.7,,2606.8,11345.2,209.7,15703.8,1992,19358.8,3897.1,10949.5,19425.4,15946.6
2019/09/29 0:00,11936.6,13210.1,21114,,2568.8,10878.1,434.5,15752.2,1894.8,19471.9,4063.8,10655,19784.4,15541.1
2019/09/30 0:00,7449,22974.1,23090.6,,2682.5,6429.8,857.5,17428.4,1503.2,19033.3,4674.8,7730.5,19723.9,16552.1
2019/10/01 0:00,14044.65,24761,23839.25,,2691.6,10994.7,621.5,17136.9,2151.45,19192.55,4703.8,11624.5,19268.55,18132.5
2019/10/02 0:00,20640.3,26547.9,24587.9,,2700.7,15559.6,385.5,16845.4,2799.7,19351.8,4732.8,15518.5,18813.2,19712.9
2019/10/03 0:00,6670.4,41771,22834,,2695.6,6114.4,560.2,16717.5,1223.2,19076.7,4600.8,7611.7,18824.6,18114.6
2019/10/04 0:00,5575.2,43297.2,22720.3,,2606.9,5113.9,1408.6,16773.8,1203.1,18826.5,4603.8,6219.3,22700.5,17319.9
2019/10/05 0:00,3195.5,63271.5,21898.4,,2515.7,3273,6293,15467.4,499.1,18814.2,4103.6,4115.8,32072.9,16062.2
2019/10/06 0:00,7020.3,18565.8,20687.6,,2538.7,6428.6,143.8,15382.7,1012.9,19097.3,4076.4,7331.6,23584.4,15730.1
2019/10/07 0:00,13543.4,33372.1,23543.3,,2706.2,10419.2,331.1,17054,1850.7,19025.3,4702.7,10705.9,20870.3,16890.6
2019/10/08 0:00,5502.6,46471.9,22498,,2739.1,4420.2,2858.1,16353.7,952,18264.2,4832.4,6079.8,20881.8,16837.8
2019/10/09 0:00,3774.5,60039.3,22728,,2766.7,2768.8,2165.5,16613.6,719.1,18736.2,4637,4905.1,23964.1,16779.2
2019/10/10 0:00,5762.7,33177.3,22676.9,,2755.8,4564.7,3087.2,16793.9,871.5,18451.1,4616.6,5723.3,17169,16922.8
2019/10/11 0:00,5083.8,19195.4,22013.1,,2730.9,4302.8,14940.2,16832.1,873.8,18129.9,4919.3,5435.8,15339.2,16807.3
2019/10/12 0:00,4876.1,30701.4,20842.1,,2641,4105.3,943.9,15270.7,681.6,19255,4257.6,5428.9,25276.9,16155.8
2019/10/13 0:00,4152.8,20845.5,20944.5,,2639,3882.1,499.3,15141.2,583.7,19245.6,3808.8,5271.8,25294.1,16047
2019/10/14 0:00,7157,38984.1,23641.7,,2715.6,5499.2,1210.7,17229.2,1098.4,19480,4724.1,6854.2,21982.1,17268.5
2019/10/15 0:00,4438.9,49001,23638.8,,2695.2,4142.3,10001.2,16668.1,829.7,18781.4,4757.5,5769.6,28889.5,18984.8
2019/10/16 0:00,7198.1,55001.8,24294.7,,2718.5,5404,107.6,16814.7,1136.2,18923,4726,7521.6,25243.4,19601.9
2019/10/17 0:00,3597.5,57309.7,23811.1,,2685.1,2884.8,5132.8,16882.8,690.8,18712,4754.3,5027.1,26870.1,18385.4
2019/10/18 0:00,3308.9,60710.9,23217.9,,2618.2,3119.4,9722.3,16883.7,684.8,18857.1,4756.8,4351.8,32641.7,17314.5
2019/10/19 0:00,3321.5,61447.3,22341.8,,2555.1,2499.5,15532.6,15158.3,471.1,19291.8,4116.5,3856.5,33533.9,16175.2
2019/10/20 0:00,2840.6,54790.3,21755.1,,2498.3,1884.8,258.9,14922.2,396.8,18401,4257.2,4076.1,28784.1,16323.3
2019/10/21 0:00,4849.4,50523.2,23938.7,,2577.5,3338.9,859.1,16576.2,852.5,18526.4,4868.9,5826.5,26824.8,18554.6
2019/10/22 0:00,5847.2,43706.8,23964.9,,2623.4,5649.6,258.8,16685.2,1081.8,18892.3,4901.8,7718.6,22680.6,19509
2019/10/23 0:00,7987.5,52271.9,24013.8,,2636.4,4474.1,3842.1,16828.1,922.4,18812.6,4808.8,6983,25743,19649.4
2019/10/24 0:00,7987.5,61254.3,24401.2,,2596.8,4209.3,18155,16941.2,874.2,18861,4708.5,5442.7,31595.6,18696.2
2019/10/25 0:00,7987.5,57728,23913.2,,2610.8,3771.7,1534.3,16886,879.2,18582,4679.3,5434,27707.8,17691.8
2019/10/26 0:00,7987.5,35077.3,21691.8,,2512.4,3599.6,202.9,15502.1,659,18840,4015.7,5109.3,26451.8,16244.2
2019/10/27 0:00,7987.5,27374.7,21550.6,,2522.1,6476,86.6,15225.7,1013.4,19177,3941.9,7634.9,21709,16704.3
2019/10/28 0:00,7987.5,47152.8,22666.7,,2577.4,3929.9,789.9,16910.8,922,18800.5,4572,6081.8,23863.4,17867.1
2019/10/29 0:00,7987.5,39130.8,21375.8,,2599.4,5211.6,317.9,16963.4,955,18723.9,4517.3,7475,22921.8,18854.2
2019/10/30 0:00,7987.5,46166.2,21854.4,,2641.8,7758.6,200.1,17608.7,1185,18741.5,4537.7,8947.9,21870.1,19134.6
2019/10/31 0:00,7987.5,40292.7,24544.7,,2662.9,12424.4,1038.9,17679.4,1964,18903.1,4450.4,11917.8,21427.5,18401.4
2019/11/01 0:00,7991,66204.95,23574.35,,2640.9,7465.2,20078.35,16642.45,1138.9,19461.85,4280.35,7686.55,30894.5,17280.3
2019/11/02 0:00,7994.5,92117.2,22604,,2618.9,2506,39117.8,15605.5,313.8,20020.6,4110.3,3455.3,40361.5,16159.2
2019/11/03 0:00,8329,91726.6,22756.4,,2709.7,2224.7,40823.5,16111.6,337.4,20851.3,4227,3438,41741,16332
2019/11/04 0:00,7996,93244.5,24303.3,,2690.9,3072.3,48837,17252.2,612.7,20169.2,4780.8,3944.5,38100.1,16588.5
2019/11/05 0:00,7993.2,72351.9,24304.7,,2590.6,3081.6,2494.2,17124.2,661.5,18716.7,4769.8,5003.9,32359.6,17609.1
2019/11/06 0:00,7993.2,99053.7,24915,,2585.6,2913.1,36142.6,17242.4,326.1,19394.7,4687.8,4831.4,34927.3,18881
2019/11/07 0:00,7993.2,99053.7,24915,,2585.6,2913.1,36142.6,17242.4,326.1,19394.7,4687.8,4831.4,34927.3,18881
